{ 
         "objects":[
                {
                 "height":77,
                 "id":46,
                 "name":"",
                 "rotation":0,
                 "type":"",
                 "visible":true,
                 "width":72.3333333333333,
                 "x":955.333333333333,
                 "y":194
                }, 
                {
                 "height":95,
                 "id":47,
                 "name":"",
                 "rotation":0,
                 "type":"",
                 "visible":true,
                 "width":81.3333333333333,
                 "x":344,
                 "y":1136.33333333333
                }, 
                {
                 "height":78.6666666666667,
                 "id":48,
                 "name":"",
                 "rotation":0,
                 "type":"",
                 "visible":true,
                 "width":99.6666666666665,
                 "x":2096,
                 "y":1502.33333333333
                }, 
                {
                 "height":78.6666666666667,
                 "id":49,
                 "name":"",
                 "rotation":0,
                 "type":"",
                 "visible":true,
                 "width":94,
                 "x":1170.66666666667,
                 "y":1754.66666666667
                }
         ]
}
