{ 
         "objects":[
                {
                 "height":56,
                 "id":52,
                 "name":"",
                 "rotation":0,
                 "type":"reusableContainer",
                 "visible":true,
                 "width":56,
                 "x":238.636363636364,
                 "y":180.878787878788
                }, 
                {
                 "height":60,
                 "id":56,
                 "name":"",
                 "rotation":0,
                 "type":"reusableContainer",
                 "visible":true,
                 "width":68,
                 "x":1610.48484848485,
                 "y":371.69696969697
                }, 
                {
                 "height":60,
                 "id":57,
                 "name":"",
                 "rotation":0,
                 "type":"reusableContainer",
                 "visible":true,
                 "width":62,
                 "x":622.606060606061,
                 "y":1420.36363636364
                }, 
                {
                 "height":58,
                 "id":58,
                 "name":"",
                 "rotation":0,
                 "type":"reusableContainer",
                 "visible":true,
                 "width":56,
                 "x":1459.15151515152,
                 "y":1042.84848484848
                }
         ]
}
